{"23": {"label": 23, "frames": [0, 1], "divisionFrame": null, "capped": false, "daughters": [], "parent": null, "parentDivisionFrame": null}, "31": {"label": 31, "frames": [0], "divisionFrame": 1, "capped": true, "daughters": [134, 135], "parent": null, "parentDivisionFrame": null}, "134": {"label": 134, "frames": [1], "divisionFrame": null, "capped": false, "daughters": [], "parent": 31, "parentDivisionFrame": 1}, "135": {"label": 135, "frames": [1], "divisionFrame": null, "capped": false, "daughters": [], "parent": 31, "parentDivisionFrame": 1}}